Название,Цена,Изображение,Ссылка,Описание,Категория
Биде Sole PANDORA 2 подвесное,11 948,/upload/iblock/b26/b26f423d1b6b88e83732c99f60d5aec8.jpg,/catalog/detail/bide-sole-pandora-2-podvesnoe/,Производитель: SoleСтрана: РоссияПокрытие (цвет): белыйСпособ установки: подвесной,Другое
Биде Sole CUBE подвесное,11 948,/upload/iblock/e66/e66f0d1865ff90caf4c75f20be4bbc7f.jpg,/catalog/detail/bide-sole-cube-podvesnoe/,Производитель: SoleСтрана: РоссияПокрытие (цвет): белыйСпособ установки: подвесной,Другое
Биде Sole TORR напольное,13 299,/upload/iblock/d2d/d2d61d549f530f0c8aa784fd13bc9d61.jpg,/catalog/detail/bide-sole-torr-napolnoe/,Производитель: SoleСтрана: РоссияПокрытие (цвет): белыйСпособ установки: напольный,Другое
Биде Sole CUBE напольное,14 080,/upload/iblock/cd0/cd0b3a26ce015d43453a7b85c8c2cd07.jpg,/catalog/detail/bide-sole-cube-napolnoe/,Производитель: SoleСтрана: РоссияПокрытие (цвет): белыйСпособ установки: напольный,Другое
Система инсталляции Sole для подвесного импульсного унитаза и биде,6 712,/upload/iblock/66c/hmpvdbxm4btkd6m4trc0v7j55108in1y/WhatsApp-Image-2025_07_01-at-15.13.54.jpeg,/catalog/detail/sistema-installyatsii-sole-dlya-podvesnogo-impulsnogo-unitaza-i-bide/,Производитель: SoleСтрана: РоссияМатериал: металл, пластикСпособ установки: скрытого монтажа,Другое
Биде подвесное Gural Sole SO02BDE00,32 970,/upload/iblock/410/18xp75wap0u061xlare6q3lt9gkgfxtq/au13a6cukn8aeqatyzpp6wagtkvvhous.JPG.jpg,/catalog/detail/bide-podvesnoe-gural-sole-so02bde00/,Производитель: GuralСтрана: ТурцияПокрытие (цвет): белый глянецМатериал: керамикаРазмер: 51,2х35,4х30,5 смСпособ установки: подвесной,Другое
Смеситель Kerama Marazzi для ванны FUTURA настенный с душевой лейкой, матовый черный, 66440CKM.01.09,56 859,/upload/iblock/d60/d607e3b49f5bbbc79730ee276d34b390.jpg,/catalog/detail/smesitel-kerama-marazzi-dlya-vanny-futura-nastennyy-s-dushevoy-leykoy-matovyy-chernyy-66440ckm-01-09/,Производитель: Kerama MarazziСтрана: РоссияПокрытие (цвет): черныйМатериал корпуса: латуньНазначение смесителя: для ванныРазмер: 245*110*209 ммСпособ установки: подвесной,Другое
Смеситель Kerama Marazzi для ванны FUTURA настенный с душевой лейкой, хром, 66440CKM.21.018,44 500,/upload/iblock/889/889badc177660fd61b20505b4a1fd669.jpg,/catalog/detail/smesitel-kerama-marazzi-dlya-vanny-futura-nastennyy-s-dushevoy-leykoy-khrom-66440ckm-21-018/,Производитель: Kerama MarazziСтрана: РоссияПокрытие (цвет): хромМатериал корпуса: латуньНазначение смесителя: для ванныРазмер: 245*110*209 ммСпособ установки: подвесной,Другое
Смеситель Kerama Marazzi для ванны OLE настенный, матовый черный, 69440CKM.01.093,51 976,/upload/iblock/e0c/e0c19832614d6e6353167868094f9e6b.jpg,/catalog/detail/smesitel-kerama-marazzi-dlya-vanny-ole-nastennyy-matovyy-chernyy-69440ckm-01-093/,Производитель: Kerama MarazziСтрана: РоссияПокрытие (цвет): черныйМатериал корпуса: латуньНазначение смесителя: для ванныРазмер: 245*110*186 ммСпособ установки: подвесной,Другое
Смеситель Kerama Marazzi для ванны OLE настенный, хром глянец, 69440CKM.21.018,41 644,/upload/iblock/877/877794d4528df89b2f656a644d8e2302.jpg,/catalog/detail/smesitel-kerama-marazzi-dlya-vanny-ole-nastennyy-khrom-glyanets-69440ckm-21-018/,Производитель: Kerama MarazziСтрана: РоссияПокрытие (цвет): хромМатериал корпуса: латуньНазначение смесителя: для ванныРазмер: 245*110*186 ммСпособ установки: подвесной,Другое
Смеситель Kerama Marazzi FIORETTO для ванны, хром, V2CR105KM,33 500,/upload/iblock/261/2614e4c58ea1d84599bccd9184e9f48e.jpg,/catalog/detail/smesitel-kerama-marazzi-fioretto-dlya-vanny-khrom-v2cr105km/,Производитель: Kerama MarazziСтрана: РоссияПокрытие (цвет): хромМатериал корпуса: латуньНазначение смесителя: для ванныРазмер: 42,5*284,6*90 ммСпособ установки: подвесной,Другое
Смеситель Kerama Marazzi Piano для ванны с держателем душевой лейки, 69340CKM.21.018,23 499,/upload/iblock/ef1/ef142ce9ad57f3b6f31541e32bf0ed6f.jpg,/catalog/detail/smesitel-kerama-marazzi-piano-dlya-vanny-s-derzhatelem-dushevoy-leyki-69340ckm-21-018/,Производитель: Kerama MarazziСтрана: РоссияПокрытие (цвет): хромМатериал корпуса: латуньНазначение смесителя: для ванныСпособ установки: подвесной,Другое
Смеситель для душа Kerama Marazzi NOTA без лейки, хром, 33090KM.21.018,10 360,/upload/iblock/abc/e8lqrig9lxym3cu9ekk178tzrfaadhbz/liz3pjfq5ibb62ibo23law6l37d3u1xo.webp,/catalog/detail/smesitel-dlya-dusha-kerama-marazzi-nota-bez-leyki-khrom/,Производитель: Kerama MarazziСтрана: ИталияПокрытие (цвет): хромМатериал корпуса: латуньНазначение смесителя: для душаСпособ установки: подвесной,Другое
Смеситель для душа Kerama Marazzi PIANO настенный без излива, хром глянец, 69355KM.21.018,17 100,/upload/iblock/a95/7x55tor36oostltolu5yf9804694kvsi/f7kx54wgxgnd1q4dfoxjcitqbmj1i1t0.jpg,/catalog/detail/smesitel-dlya-dusha-kerama-marazzi-piano-nastennyy-bez-izliva-khrom-glyanets/,Производитель: Kerama MarazziСтрана: ИталияПокрытие (цвет): хром глянецМатериал корпуса: латуньНазначение смесителя: для душа,Другое
Смеситель Kerama Marazzi для раковины FUTURA однорычажный высокий без донного клапана 3/8, матовый ч,32 488,/upload/iblock/c97/c976ff20143a830a3bfe4f23ad0b5f22.jpg,/catalog/detail/smesitel-kerama-marazzi-dlya-rakoviny-futura-odnorychazhnyy-vysokiy-bez-donnogo-klapana-3-8-matovyy-/,Производитель: Kerama MarazziСтрана: РоссияПокрытие (цвет): черныйМатериал корпуса: латуньНазначение смесителя: для раковиныРазмер: 220*70*136 ммСпособ установки: на изделие,Другое
Смеситель Kerama Marazzi для раковины FUTURA однорычажный высокий без донного клапана 3/8, хром, 664,25 338,/upload/iblock/594/594e461e91dbd9930d75c06416672816.jpg,/catalog/detail/smesitel-kerama-marazzi-dlya-rakoviny-futura-odnorychazhnyy-vysokiy-bez-donnogo-klapana-3-8-khrom-66/,Производитель: Kerama MarazziСтрана: РоссияПокрытие (цвет): хромМатериал корпуса: латуньНазначение смесителя: для раковиныРазмер: 220*70*136 ммСпособ установки: на изделие,Другое
Смеситель Kerama Marazzi для раковины FUTURA однорычажный без донного клапана 3/8, матовый черный, 6,26 136,/upload/iblock/b17/b17b23142f48c9a21459dab0ce1bfb7f.jpg,/catalog/detail/smesitel-kerama-marazzi-dlya-rakoviny-futura-odnorychazhnyy-bez-donnogo-klapana-3-8-matovyy-chernyy-/,Производитель: Kerama MarazziСтрана: РоссияПокрытие (цвет): черныйМатериал корпуса: латуньНазначение смесителя: для раковиныРазмер: 195*70*136 ммСпособ установки: на изделие,Другое
Смеситель Kerama Marazzi для раковины FUTURA однорычажный без донного клапана 3/8, хром, 66411KM.21.,21 904,/upload/iblock/c9b/c9bca41b477e25ed3f1e5453a8006478.jpg,/catalog/detail/smesitel-kerama-marazzi-dlya-rakoviny-futura-odnorychazhnyy-bez-donnogo-klapana-3-8-khrom-66411km-21/,Производитель: Kerama MarazziСтрана: РоссияПокрытие (цвет): хромМатериал корпуса: латуньНазначение смесителя: для раковиныРазмер: 195*70*136 ммСпособ установки: на изделие,Другое
Смеситель Kerama Marazzi для раковины OLE однорычажный высокий без донного клапана, хром глянец, 694,30 400,/upload/iblock/a47/a478583af7f0796bd3fd7c627ae0a3e4.jpg,/catalog/detail/smesitel-kerama-marazzi-dlya-rakoviny-ole-odnorychazhnyy-vysokiy-bez-donnogo-klapana-khrom-glyanets-/,Производитель: Kerama MarazziСтрана: РоссияПокрытие (цвет): хромМатериал корпуса: латуньНазначение смесителя: для раковиныСпособ установки: на изделие,Другое
Смеситель Kerama Marazzi для раковины OLE однорычажный без донного клапана 3/8, хром глянец, 69412KM,17 000,/upload/iblock/907/9073f893b15952fe7291e0919e703646.jpg,/catalog/detail/smesitel-kerama-marazzi-dlya-rakoviny-ole-odnorychazhnyy-bez-donnogo-klapana-3-8-khrom-glyanets-6941/,Производитель: Kerama MarazziСтрана: РоссияПокрытие (цвет): хромМатериал корпуса: латуньНазначение смесителя: для раковиныРазмер: 170*70*125 ммСпособ установки: на изделие,Другое
Смеситель Kerama Marazzi для раковины LINEA однорычажный настенный, черный матовый, 71028EKM.01.093,23 300,/upload/iblock/db1/db1f6712a79a09d736a126c410250e6b.jpg,/catalog/detail/smesitel-kerama-marazzi-dlya-rakoviny-linea-odnorychazhnyy-nastennyy-chernyy-matovyy-71028ekm-01-093/,Производитель: Kerama MarazziСтрана: РоссияПокрытие (цвет): черныйМатериал корпуса: латуньНазначение смесителя: для раковиныСпособ установки: подвесной, скрытого монтажа,Другое
Смеситель Kerama Marazzi для раковины LINEA однорычажный настенный, хром глянец, 71028EKM.21.018,19 400,/upload/iblock/fde/fde3b86a139eafb1ddd6ff9c13dee6fa.jpg,/catalog/detail/smesitel-kerama-marazzi-dlya-rakoviny-linea-odnorychazhnyy-nastennyy-khrom-glyanets-71028ekm-21-018/,Производитель: Kerama MarazziСтрана: РоссияПокрытие (цвет): хромМатериал корпуса: латуньНазначение смесителя: для раковиныСпособ установки: подвесной, скрытого монтажа,Другое
Смеситель Kerama Marazzi FIORETTO для раковины без донного клапана, хром, V2CR205LLKM,19 000,/upload/iblock/ab8/ab82038d010ac1a8b8925ec8d36e922e.jpg,/catalog/detail/smesitel-kerama-marazzi-fioretto-dlya-rakoviny-bez-donnogo-klapana-khrom-v2cr205llkm/,Производитель: Kerama MarazziСтрана: РоссияПокрытие (цвет): хромМатериал корпуса: латуньНазначение смесителя: для раковиныРазмер: 38*165*278 ммСпособ установки: на изделие,Другое
Смеситель Kerama Marazzi FIORETTO для раковины без донного клапана, хром, V2CR205KM,11 900,/upload/iblock/cda/cda7440ebe78d97c2e3b2198b31f21a2.jpg,/catalog/detail/smesitel-kerama-marazzi-fioretto-dlya-rakoviny-bez-donnogo-klapana-khrom-v2cr205km/,Производитель: Kerama MarazziСтрана: РоссияПокрытие (цвет): хромМатериал корпуса: латуньНазначение смесителя: для раковиныРазмер: 38*118*143 ммСпособ установки: на изделие,Другое
Смеситель Kerama Marazzi PIANO для раковин, 69315KM.21.018,20 800,/upload/iblock/479/479490f7ba727c78f0915db0a1dd65ad.jpg,/catalog/detail/smesitel-kerama-marazzi-piano-dlya-rakovin/,Производитель: Kerama MarazziСтрана: РоссияПокрытие (цвет): хромМатериал корпуса: латуньНазначение смесителя: для раковиныСпособ установки: на изделие,Другое
Смеситель Kerama Marazzi PIANO для раковин, 69310KM.21.018,12 700,/upload/iblock/cf7/cf7103d65eb018c15ff9783ee6f8486a.jpg,/catalog/detail/smesitel-kerama-marazzi-piano-dlya-rakovin-/,Производитель: Kerama MarazziСтрана: РоссияПокрытие (цвет): хромМатериал корпуса: латуньНазначение смесителя: для раковиныСпособ установки: на изделие,Другое
Смеситель Kerama Marazzi FIORETTO с гигиеническим душем и держателем для лейки, хром, V253CR442RUKM,17 800,/upload/iblock/8ae/8ae9896ed94ecaa026441933fc2416fc.jpg,/catalog/detail/smesitel-kerama-marazzi-fioretto-s-gigienicheskim-dushem-i-derzhatelem-dlya-leyki-khrom-v253cr442ruk/,Производитель: Kerama MarazziСтрана: РоссияПокрытие (цвет): хромМатериал корпуса: латуньНазначение смесителя: для бидеРазмер: 70*99,5*70 ммСпособ установки: подвесной, скрытого монтажа,Другое
Встроенный смеситель Kerama Marazzi Piano для душа с переключателем на 2 потока хром, 69370KM.21.018,17 300,/upload/iblock/09d/09d960caabc3dee8424435070d0dc391.jpg,/catalog/detail/vstroennyy-smesitel-dlya-dusha-s-pereklyuchatelem-na-2-potoka-khrom-69370km-21-018/,Производитель: Kerama MarazziСтрана: РоссияПокрытие (цвет): хромМатериал корпуса: латуньНазначение смесителя: для ванны, для душаСпособ установки: скрытого монтажа,Другое
Смеситель для биде Kerama Marazzi FUTURA однорычажный с донным клапаном, хром, 66425KM.21.018,19 580,/upload/iblock/b91/b91cc924f6ec41947fe0474fbed02c2d.jpg,/catalog/detail/smesitel-dlya-bide-kerama-marazzi-futura-odnorychazhnyy-s-donnym-klapanom-khrom-66425km-21-018/,Производитель: Kerama MarazziСтрана: РоссияПокрытие (цвет): хромМатериал корпуса: латуньНазначение смесителя: для бидеРазмер: 170*70*110 ммСпособ установки: на изделие,Другое
Смеситель для биде Kerama Marazzi OLE однорычажный с донным клапаном, хром глянец, 69425KM.21.018,18 500,/upload/iblock/f15/f153ac92c0389d2cb2cff413e90c36fd.jpg,/catalog/detail/smesitel-dlya-bide-kerama-marazzi-ole-odnorychazhnyy-s-donnym-klapanom-khrom-glyanets-69425km-21-018/,Производитель: Kerama MarazziСтрана: РоссияПокрытие (цвет): хромМатериал корпуса: латуньНазначение смесителя: для бидеРазмер: 170*70*110 ммСпособ установки: на изделие,Другое
Раковина Kerama Marazzi PLAZA 60х40 см накладная с отверстием под смеситель, PLR.wb.60.1,13 600,/upload/iblock/da3/da355d507d24ec477a32061b88e87169.jpg,/catalog/detail/rakovina-kerama-marazzi-plaza-60kh40-sm-nakladnaya-s-otverstiem-pod-smesitel-plr-wb-60-1/,Производитель: Kerama MarazziСтрана: РоссияПокрытие (цвет): белыйМатериал: керамикаСпособ установки: на изделие,Другое
Раковина Kerama Marazzi PLAZA 60х38 см накладная без отверстия под смеситель, PLR.wb.60,11 920,/upload/iblock/5b2/5b28aee00f9102c9b83bb7ef091926c4.jpg,/catalog/detail/rakovina-kerama-marazzi-plaza-60kh38-sm-nakladnaya-bez-otverstiya-pod-smesitel-plr-wb-60/,Производитель: Kerama MarazziСтрана: РоссияПокрытие (цвет): белыйМатериал: керамикаСпособ установки: на изделие,Другое
Раковина Kerama Marazzi PLAZA 55х40 см накладная с отверстием под смеситель, PLR.wb.55.1,13 600,/upload/iblock/0ed/0edcbcfedd3107059cb49875617c20fb.png,/catalog/detail/rakovina-kerama-marazzi-plaza-55kh40-sm-nakladnaya-s-otverstiem-pod-smesitel-plr-wb-55-1/,Производитель: Kerama MarazziСтрана: РоссияПокрытие (цвет): белыйМатериал: керамикаСпособ установки: на изделие,Другое
Раковина Kerama Marazzi PLAZA 55х36 см накладная без отверстия под смеситель, PLR.wb.55,11 920,/upload/iblock/047/04789ea9a16a1ae96b76c67894111b88.jpg,/catalog/detail/rakovina-kerama-marazzi-plaza-55kh36-sm-nakladnaya-bez-otverstiya-pod-smesitel-plr-wb-55/,Производитель: Kerama MarazziСтрана: РоссияПокрытие (цвет): белыйМатериал: керамикаСпособ установки: на изделие,Другое
Раковина Kerama Marazzi PLAZA 55х40 см встраиваемая сверху, с отверстием под смеситель, PLR.wbi.55.1,11 070,/upload/iblock/95d/95d688a88b8808e767087f1f8e31dd8d.jpg,/catalog/detail/rakovina-kerama-marazzi-plaza-55kh40-sm-vstraivaemaya-sverkhu-s-otverstiem-pod-smesitel-plr-wbi-55-1/,Производитель: Kerama MarazziСтрана: РоссияПокрытие (цвет): белыйМатериал: керамикаСпособ установки: на изделие,Другое
Раковина Kerama Marazzi PLAZA 55 с отверстием под смеситель и с крепежом, PLR.wb.55.02,13 600,/upload/iblock/f26/f26ac6193560dd8987e595ba02a49231.jpg,/catalog/detail/rakovina-kerama-marazzi-plaza-55-s-otverstiem-pod-smesitel-i-s-krepezhom-plr-wb-55-02/,Производитель: Kerama MarazziСтрана: РоссияПокрытие (цвет): белыйМатериал: керамикаСпособ установки: на изделие,Другое
Смеситель для раковины Kerama Marazzi SIARA с внутренней частью, 28050KM.50.050,39 740,/upload/iblock/cf8/4rjb5c40qn0rwg1i1ru4v0b3ns636324/Siara_cam1_hdri1_3.webp,/catalog/detail/smesitel-dlya-rakoviny-kerama-marazzi-siara-s-vnutrenney-chastyu/,Производитель: Kerama MarazziСтрана: РоссияПокрытие (цвет): хромМатериал корпуса: нержавеющая стальНазначение смесителя: для раковиныСпособ установки: подвесной, скрытого монтажа,Другое
Смеситель встроенного монтажа Kerama Marazzi NOTA с гигиеническим душем, хром, 27405KM.21.018,22 400,/upload/iblock/16d/94giqpgmugdzaef85orxaax2clrdin0o/ww6ylbh36on1yl02cnhus4xo0vvdw66l.webp,/catalog/detail/smesitel-vstroennogo-montazha-kerama-marazzi-nota-s-gigienicheskim-dushem-khrom/,Производитель: Kerama MarazziСтрана: ИталияПокрытие (цвет): хромМатериал: нержавеющая стальМатериал корпуса: латуньНазначение смесителя: для бидеСпособ установки: подвесной, скрытого монтажа,Другое
Смеситель для ванны Kerama Marazzi NOTA с дивертором ванна/душ, без лейки, хром, 33080KM.21.018,14 200,/upload/iblock/2cf/xgcf60885dw6lz59cwx5a2n5orooaubz/qy57zwz917onuyidcm01m232xxweie4u.webp,/catalog/detail/smesitel-dlya-vanny-kerama-marazzi-nota-s-divertorom-vanna-dush-bez-leyki-khrom/,Производитель: Kerama MarazziСтрана: ИталияПокрытие (цвет): хромМатериал корпуса: латуньНазначение смесителя: для ванныСпособ установки: подвесной,Другое
Смеситель для раковины Kerama Marazzi NOTA с донным клапаном, 3/8, хром, 33010KM.21.018,10 000,/upload/iblock/809/ci6ox0onrnqle0qkakrsqspbdgtx1410/p4ek53ft473g2um9ebojjoyig87j39gm.webp,/catalog/detail/smesitel-dlya-rakoviny-kerama-marazzi-nota-s-donnym-klapanom-3-8-khrom/,Производитель: Kerama MarazziСтрана: ИталияПокрытие (цвет): хромМатериал корпуса: латуньНазначение смесителя: для раковиныСпособ установки: на изделие,Другое
Смеситель для биде Kerama Marazzi ETERNA с донным клапаном 3/8”, брашированная медь, pvd, 69623XKM.5,74 200,/upload/iblock/087/wiuan9m1tagszyegdyssolepmkn7d9pc/7vvei1ss5nbzjrixr95d09250u0x5at1.webp,/catalog/detail/smesitel-dlya-bide-kerama-marazzi-eterna-s-donnym-klapanom-3-8-brashirovannaya-med-pvd/,Производитель: Kerama MarazziСтрана: ИталияПокрытие (цвет): медьМатериал корпуса: латуньНазначение смесителя: для бидеСпособ установки: на изделие,Другое
Смеситель для биде Kerama Marazzi ETERNA c донным клапаном 3/8”, нержавеющая сталь, 69623XKM.50.050,50 400,/upload/iblock/167/wrca5mhrtrp5avwaet5g3w0dvqegimiv/m6qlk136n5h65ygvh433bsd4mpgo84fe.webp,/catalog/detail/smesitel-dlya-bide-kerama-marazzi-eterna-c-donnym-klapanom-3-8-nerzhaveyushchaya-stal/,Производитель: Kerama MarazziСтрана: ИталияПокрытие (цвет): нержавеющая стальМатериал корпуса: латуньНазначение смесителя: для бидеСпособ установки: на изделие,Другое
Смеситель для раковины Kerama Marazzi ETERNA без донного клапана, брашированная медь, pvd, 69628EXKM,50 000,/upload/iblock/1bd/zbn4xtxw2eg6sf4adk0382ypdzsapvi9/t26fhtcjbjdwx4zrkzcio2dw7vesazo0.webp,/catalog/detail/smesitel-dlya-rakoviny-kerama-marazzi-eterna-bez-donnogo-klapana-brashirovannaya-med-pvd/,Производитель: Kerama MarazziСтрана: ИталияПокрытие (цвет): медьМатериал корпуса: латуньНазначение смесителя: для раковиныСпособ установки: подвесной,Другое
Смеситель для раковины Kerama Marazzi ETERNA без донного клапана, нержавеющая сталь, 69628EXKM.50.05,37 200,/upload/iblock/402/b8qymykmaar53ga23s2betklsa9mto9d/u0dg9uzxbokhhofo1v93llhfohk0p5ro.webp,/catalog/detail/smesitel-dlya-rakoviny-kerama-marazzi-eterna-bez-donnogo-klapana-nerzhaveyushchaya-stal/,Производитель: Kerama MarazziСтрана: ИталияПокрытие (цвет): нержавеющая стальМатериал корпуса: латуньНазначение смесителя: для раковиныСпособ установки: подвесной,Другое
Смеситель для раковины Kerama Marazzi ETERNA высокий, без дон\клапана 3/8”, брашированная медь, pvd,,84 400,/upload/iblock/f01/5ikjiyofk1chgcuo41xkj08ck3xksl72/122891_big.JPEG.jpg,/catalog/detail/smesitel-dlya-rakoviny-kerama-marazzi-eterna-vysokiy-bez-don-klapana-3-8-brashirovannaya-med-pvd/,Производитель: Kerama MarazziСтрана: ИталияПокрытие (цвет): медьМатериал корпуса: латуньНазначение смесителя: для раковиныСпособ установки: на изделие,Другое
Смеситель для раковины Kerama Marazzi ETERNA высокий, без донного клапана 3/8”, нержавеющая сталь, 6,45 200,/upload/iblock/5ef/gea7hjlt1pzep9l5fmg998p8732itz5x/r3mbutmpzr5iz3sh5av5c2tkm8m930ks.webp,/catalog/detail/smesitel-dlya-rakoviny-kerama-marazzi-eterna-vysokiy-bez-donnogo-klapana-3-8-nerzhaveyushchaya-stal/,Производитель: Kerama MarazziСтрана: ИталияПокрытие (цвет): нержавеющая стальМатериал корпуса: латуньНазначение смесителя: для раковиныСпособ установки: на изделие,Другое
Смеситель для раковины Kerama Marazzi ETERNA без донного клапана 3/8”, брашированная медь, pvd, 6961,59 400,/upload/iblock/372/9hn6hg1786j95e9hsl88s6toql7vygn6/81027_big.JPEG.jpg,/catalog/detail/smesitel-dlya-rakoviny-kerama-marazzi-eterna-bez-donnogo-klapana-3-8-brashirovannaya-med-pvd/,Производитель: Kerama MarazziСтрана: ИталияПокрытие (цвет): медьМатериал корпуса: латуньНазначение смесителя: для раковиныСпособ установки: на изделие,Другое
Смеситель для раковины Kerama Marazzi ETERNA без донного клапана 3/8”, нержавеющая сталь, 69612XKM.5,38 600,/upload/iblock/36a/ovo0r5ti7zdiwij32xp3sj2k0nadd3pj/69612XKM.50.050.jpg,/catalog/detail/smesitel-dlya-rakoviny-kerama-marazzi-eterna-bez-donnogo-klapana-3-8-nerzhaveyushchaya-stal/,Производитель: Kerama MarazziСтрана: ИталияПокрытие (цвет): нержавеющая стальМатериал корпуса: латуньНазначение смесителя: для раковиныСпособ установки: на изделие,Другое
Смеситель для душа Kerama Marazzi FUTURA на один поток, черный матовый, 66475EKM.01.093,15 680,/upload/iblock/f62/bbx1cpovlplbpt960f24rj03zjl2rth4/3fj0wxp8v30hnoeq282i5otrq35urvuw.jpg,/catalog/detail/smesitel-dlya-dusha-kerama-marazzi-futura-na-odin-potok-chernyy-matovyy/,Производитель: Kerama MarazziСтрана: ИталияПокрытие (цвет): черный матовыйМатериал корпуса: латуньНазначение смесителя: для ванны, для душаСпособ установки: подвесной, скрытого монтажа,Другое
Смеситель для душа Kerama Marazzi FUTURA на один поток, хром, 66475EKM.21.018,15 310,/upload/iblock/e53/4u1gtua5sebqbsbvgs05q14eknohczxx/1u7d2ad8hoz0oyrfty6l0q38dk1ekkwa.jpg,/catalog/detail/smesitel-dlya-dusha-kerama-marazzi-futura-na-odin-potok-khrom/,Производитель: Kerama MarazziСтрана: ИталияПокрытие (цвет): хромМатериал корпуса: латуньНазначение смесителя: для ванны, для душаСпособ установки: подвесной, скрытого монтажа,Другое
Смеситель для душа Kerama Marazzi OLE на 1 поток, матовый черный, 69475EKM.01.093,14 300,/upload/iblock/331/trjw730w8r10zykgu2tgomk3lnifth9o/0yhowyr21a9rtlu53er9r5kva621j9xj.jpg,/catalog/detail/smesitel-dlya-dusha-kerama-marazzi-ole-na-1-potok-matovyy-chernyy/,Производитель: Kerama MarazziСтрана: ИталияПокрытие (цвет): черный матовыйМатериал корпуса: латуньНазначение смесителя: для ванны, для душаСпособ установки: подвесной, скрытого монтажа,Другое
Смеситель для душа Kerama Marazzi OLE на 1 поток, хром, 69475EKM.21.018,12 800,/upload/iblock/7a0/ntxu879w6gp1py80bhzlrqt0fi2104v1/unbfaqnjwtz8jw3fws5uw8w5dy0by7tb.jpg,/catalog/detail/smesitel-dlya-dusha-kerama-marazzi-ole-na-1-potok-khrom/,Производитель: Kerama MarazziСтрана: ИталияПокрытие (цвет): хромМатериал корпуса: латуньНазначение смесителя: для ванны, для душаСпособ установки: подвесной, скрытого монтажа,Другое
Смеситель для ванны Kerama Marazzi FUTURA настенный дивертором ванна/душ, без лейки, матовый черный,,42 480,/upload/iblock/033/dllsrl19h7ospkr4d5jnlact869yhu1y/fu08xz6dxlz2ounc095n3ap4oxc0nlec.jpg,/catalog/detail/smesitel-dlya-vanny-kerama-marazzi-futura-nastennyy-divertorom-vanna-dush-bez-leyki-matovyy-chernyy/,Производитель: Kerama MarazziСтрана: ИталияПокрытие (цвет): черный матовыйМатериал корпуса: латуньНазначение смесителя: для ванны, для душаСпособ установки: подвесной,Другое
Смеситель для ванны Kerama Marazzi FUTURA настенный с дивертором ванна/душ, без лейки, хром, 66440KM,38 240,/upload/iblock/a96/yyafn3p71v9qffa1locw0du1kau5zt0c/rwx7wp1g66vf6ii78waj0ps7u92468x0.jpg,/catalog/detail/smesitel-dlya-vanny-kerama-marazzi-futura-nastennyy-s-divertorom-vanna-dush-bez-leyki-khrom/,Производитель: Kerama MarazziСтрана: ИталияПокрытие (цвет): хромМатериал корпуса: латуньНазначение смесителя: для ванны, для душаСпособ установки: подвесной,Другое
Смеситель для ванны Kerama Marazzi OLE настенный с дивертором ванна/душ, без лейки, золотой атласный,57 200,/upload/iblock/eff/1gpuwozq0y775iqs7wlhtn0bqry8irib/banjsyc2j3qye55bi6w4yk8e9h2clmx0.jpg,/catalog/detail/smesitel-dlya-vanny-kerama-marazzi-ole-nastennyy-s-divertorom-vanna-dush-bez-leyki-zolotoy-atlasnyy/,Производитель: Kerama MarazziСтрана: ИталияПокрытие (цвет): золотоМатериал корпуса: латуньНазначение смесителя: для ванны, для душаСпособ установки: подвесной,Другое
Смеситель для ванны Kerama Marazzi OLE настенный с дивертором ванна/душ , без лейки, матовый черный,,52 800,/upload/iblock/81c/h5ubzq28a8vmn5u1mt1lqdze8mjmeft1/6m4toekwyimgumwmz9xe5n4ff3hp0u1s.jpg,/catalog/detail/smesitel-dlya-vanny-kerama-marazzi-ole-nastennyy-s-divertorom-vanna-dush-bez-leyki-matovyy-chernyy/,Производитель: Kerama MarazziСтрана: ИталияПокрытие (цвет): черный матовыйМатериал корпуса: латуньНазначение смесителя: для ванны, для душаСпособ установки: подвесной,Другое
Смеситель для ванны Kerama Marazzi OLE настенный с дивертором ванна/душ, без лейки, хром, 69440KM.21,46 100,/upload/iblock/168/l9np42g6jxyxo7cxdj2lla0c0wdx00cv/wt9vykzjdyli2qvb8oxol73lsmidx53l.jpg,/catalog/detail/smesitel-dlya-vanny-kerama-marazzi-ole-nastennyy-s-divertorom-vanna-dush-bez-leyki-khrom/,Производитель: Kerama MarazziСтрана: ИталияПокрытие (цвет): хромМатериал корпуса: латуньНазначение смесителя: для ванны, для душаСпособ установки: подвесной,Другое
Смеситель для ванны Kerama Marazzi PIANO настенный без лейки, хром глянец, 69340KM.21.018,26 300,/upload/iblock/55b/b8dgk5oukc690hgvetg5nijdcjr8rboe/u7q8ajob1r60vakolnnr4of26ck10mkc.jpg,/catalog/detail/smesitel-dlya-vanny-kerama-marazzi-piano-nastennyy-bez-leyki-khrom-glyanets/,Производитель: Kerama MarazziСтрана: ИталияПокрытие (цвет): хром глянецМатериал корпуса: латуньНазначение смесителя: для ванны, для душаСпособ установки: подвесной,Другое
Смеситель для ванны Kerama Marazzi SONATA черный матовый, P4YO111B4KM,14 900,/upload/iblock/70f/wwr01zcgnu2sf80jkux8ozr3z6rn5kw8/u0c117v16oeb18wth2t52ce3flulq8fq.jpg,/catalog/detail/smesitel-dlya-vanny-kerama-marazzi-sonata-chernyy-matovyy/,Производитель: Kerama MarazziСтрана: ИталияПокрытие (цвет): черный матовыйМатериал корпуса: латуньНазначение смесителя: для ванны, для душаСпособ установки: подвесной,Другое
Смеситель для раковины Kerama Marazzi FUTURA, высокий, без донного клапана 3/8, матовый черный, 6641,33 980,/upload/iblock/7ad/pleebln51q0un0gx66tklbdbppqrpilb/imvsgy87wk7jtwpth99vln99th9o5z1t.jpg,/catalog/detail/smesitel-dlya-rakoviny-kerama-marazzi-futura-vysokiy-bez-donnogo-klapana-3-8-matovyy-chernyy/,Производитель: Kerama MarazziСтрана: ИталияПокрытие (цвет): черный матовыйМатериал корпуса: латуньНазначение смесителя: для раковиныСпособ установки: на изделие,Другое
Смеситель для раковины Kerama Marazzi FUTURA, высокий, без донного клапана 3/8, хром, 66419KM.21.018,26 550,/upload/iblock/990/vraztgxp0sd2vi7rpmtjssbmr2lvt2ik/kjzlnpd3gko1bn9vbqif756yf94n2gaa.jpg,/catalog/detail/smesitel-dlya-rakoviny-kerama-marazzi-futura-vysokiy-bez-donnogo-klapana-3-8-khrom/,Производитель: Kerama MarazziСтрана: ИталияПокрытие (цвет): хромМатериал корпуса: латуньНазначение смесителя: для раковиныСпособ установки: на изделие,Другое
Смеситель для раковины Kerama Marazzi FUTURA, без донного клапана 3/8, матовый черный, 66412KM.01.09,24 460,/upload/iblock/a4a/fa5as6tgodivr5y1z5eqc8eek9cqpet7/al1j70kuqgbblrab450os7hbws7xzw8n.jpg,/catalog/detail/smesitel-dlya-rakoviny-kerama-marazzi-futura-bez-donnogo-klapana-3-8-matovyy-chernyy/,Производитель: Kerama MarazziСтрана: ИталияПокрытие (цвет): черный матовыйМатериал корпуса: латуньНазначение смесителя: для раковиныСпособ установки: на изделие,Другое
Смеситель для раковины Kerama Marazzi FUTURA, без донного клапана 3/8, хром, 66412KM.21.018,20 500,/upload/iblock/445/q0kqds6begwcg811tihy3xc0rjuh3bvs/01jq9e3d1vfd5op2o4ct86ud39arfhr6.jpg,/catalog/detail/smesitel-dlya-rakoviny-kerama-marazzi-futura-bez-donnogo-klapana-3-8-khrom/,Производитель: Kerama MarazziСтрана: ИталияПокрытие (цвет): хромМатериал корпуса: латуньНазначение смесителя: для раковиныСпособ установки: на изделие,Другое
Смеситель для раковины Kerama Marazzi SONATA без донного клапана, матовый черный, P4YO205ZNKM,10 100,/upload/iblock/30b/01yi1iy10r37rriu73dxul4qyefl1sxz/bok7iauqrkktn84u4zg3k30brh0amre3.jpg,/catalog/detail/smesitel-dlya-rakoviny-kerama-marazzi-sonata-bez-donnogo-klapana-matovyy-chernyy/,Производитель: Kerama MarazziСтрана: КитайПокрытие (цвет): черный матовыйМатериал корпуса: латуньНазначение смесителя: для раковиныСпособ установки: на изделие,Другое
Смеситель для душа, термостат Kerama Marazzi MUSE с регулировкой температуры, потертая бронза, 67668,25 327,/upload/iblock/5d4/7mey8s2xsqlhlcmmbdev2qy8fl37jp8k/f554a2bac8001f7004f894140a16cdb6.jpg,/catalog/detail/smesitel-dlya-dusha-termostat-kerama-marazzi-muse-s-regulirovkoy-temperatury-potertaya-bronza/,Производитель: Kerama MarazziСтрана: ИталияПокрытие (цвет): бронзаМатериал корпуса: латуньНазначение смесителя: для душаСпособ установки: подвесной,Другое
Смеситель для душа, термостат Kerama Marazzi MUSE с регулировкой температуры, хром, 67668EKM.21.018,20 318,/upload/iblock/389/4qnsugtywr9iw0gzaf8s7581x24ui1ac/f69fc4d0c0595973d9caf1dc65e7d7b9.jpg,/catalog/detail/smesitel-dlya-dusha-termostat-kerama-marazzi-muse-s-regulirovkoy-temperatury-khrom/,Производитель: Kerama MarazziСтрана: ИталияПокрытие (цвет): глянец, хромМатериал корпуса: латуньНазначение смесителя: для душаСпособ установки: подвесной,Другое
Смеситель для душа, термостат Kerama Marazzi FUTURA с регулировкой температуры, матовый черный, 6764,26 450,/upload/iblock/b31/vh6w6euomo2lvhulcl1tuq09dmn8fzsf/3246e1870cd4bd729c466064d3ae2415.jpg,/catalog/detail/smesitel-dlya-dusha-termostat-kerama-marazzi-futura-s-regulirovkoy-temperatury-matovyy-chernyy/,Производитель: Kerama MarazziСтрана: ИталияПокрытие (цвет): матовый, черныйМатериал корпуса: латуньНазначение смесителя: для душаСпособ установки: подвесной, скрытого монтажа,Другое
Смеситель для душа Kerama Marazzi FUTURA встроенный с переключателем на два потока, матовый черный,,22 710,/upload/iblock/679/wl4vxdokxfjzpa2j1lg6tzxqkitwq31y/567b33d40a64a6db32353f91c1b60bdb.jpg,/catalog/detail/smesitel-dlya-dusha-kerama-marazzi-futura-vstroennyy-s-pereklyuchatelem-na-dva-potoka-matovyy-cherny/,Производитель: Kerama MarazziСтрана: ИталияПокрытие (цвет): матовый, черныйМатериал корпуса: латуньНазначение смесителя: для душаСпособ установки: подвесной, скрытого монтажа,Другое
Смеситель для душа, термостат Kerama Marazzi FUTURA с регулировкой температуры, хром, 67648EKM.21.01,24 640,/upload/iblock/ff0/54jso81nvf9yy75pe24wmj7hycepjqg1/783b9ac3c2b9ced8d5044dd6f0a5e7fc.jpg,/catalog/detail/smesitel-dlya-dusha-termostat-kerama-marazzi-futura-s-regulirovkoy-temperatury-khrom/,Производитель: Kerama MarazziСтрана: ИталияПокрытие (цвет): хромМатериал корпуса: латуньНазначение смесителя: для душаСпособ установки: подвесной, скрытого монтажа,Другое
Смеситель для душа Kerama Marazzi FUTURA встроенный с переключателем на два потока, хром, 66470EKM.2,16 870,/upload/iblock/c25/wg3hshepbd99o5w10ksutv2k8nw3s521/8bbf21bd03d1d3328fc7ab73a1b4533c.jpg,/catalog/detail/smesitel-dlya-dusha-kerama-marazzi-futura-vstroennyy-s-pereklyuchatelem-na-dva-potoka-khrom/,Производитель: Kerama MarazziСтрана: ИталияПокрытие (цвет): хромМатериал корпуса: латуньНазначение смесителя: для душаСпособ установки: подвесной, скрытого монтажа,Другое
Смеситель для душа, термостат Kerama Marazzi OLE с регулировкой температуры, золотой атласный, 67638,40 700,/upload/iblock/77e/2r4jsaien3yhvpnb7vr1uvfkq5k04b4u/60845a3637336d985cfa35922f2cd5fb.jpg,/catalog/detail/smesitel-dlya-dusha-termostat-kerama-marazzi-ole-s-regulirovkoy-temperatury-zolotoy-atlasnyy/,Производитель: Kerama MarazziСтрана: ИталияПокрытие (цвет): золотоМатериал корпуса: латуньНазначение смесителя: для душаСпособ установки: подвесной, скрытого монтажа,Другое
Смеситель для душа Kerama Marazzi OLE встроенный с переключателем на два потока, золотой атласный, 6,28 500,/upload/iblock/58e/cidb7n0pr4hxs1kjaqpb9lphc49wvvju/18788f15304e27f9a65b3f18ece8ff9d.jpg,/catalog/detail/smesitel-dlya-dusha-kerama-marazzi-ole-vstroennyy-s-pereklyuchatelem-na-dva-potoka-zolotoy-atlasnyy/,Производитель: Kerama MarazziСтрана: ИталияПокрытие (цвет): золотоМатериал корпуса: латуньНазначение смесителя: для душаСпособ установки: подвесной, скрытого монтажа,Другое
Смеситель для душа, термостат Kerama Marazzi OLE с регулировкой температуры, титановый атласный, 676,29 978,/upload/iblock/033/3cu58vpbyk6ydowm62d75f4qw929x6gv/2d643c07be97c649457a9f4e37b44c72.jpg,/catalog/detail/smesitel-dlya-dusha-termostat-kerama-marazzi-ole-s-regulirovkoy-temperatury-titanovyy-atlasnyy/,Производитель: Kerama MarazziСтрана: ИталияПокрытие (цвет): титановый атласныйМатериал корпуса: латуньНазначение смесителя: для душаСпособ установки: подвесной, скрытого монтажа,Другое
Смеситель для душа Kerama Marazzi OLE встроенный с переключателем на два потока, титановый атласный,,20 990,/upload/iblock/a29/ryt9l5pal1mhk153imdg05izm0r9nzeo/f565b65e731713d7fabaf198a4ba1188.jpg,/catalog/detail/smesitel-dlya-dusha-kerama-marazzi-ole-vstroennyy-s-pereklyuchatelem-na-dva-potoka-titanovyy-atlasny/,Производитель: Kerama MarazziСтрана: ИталияПокрытие (цвет): титановый атласныйМатериал корпуса: латуньНазначение смесителя: для душаСпособ установки: подвесной, скрытого монтажа,Другое
Смеситель для душа, термостат Kerama Marazzi OLE с регулировкой температуры, матовый черный, 67638EK,29 400,/upload/iblock/db2/zmecloz2gijku8kpht5nlr0lz811ai3q/4961c8870b9b44b124383cd7c707db66.jpg,/catalog/detail/smesitel-dlya-dusha-termostat-kerama-marazzi-ole-s-regulirovkoy-temperatury-matovyy-chernyy/,Производитель: Kerama MarazziСтрана: ИталияПокрытие (цвет): матовый, черныйМатериал корпуса: латуньНазначение смесителя: для душаСпособ установки: подвесной, скрытого монтажа,Другое
Смеситель для душа Kerama Marazzi OLE встроенный с переключателем на два потока, матовый черный, 694,22 200,/upload/iblock/67b/pleytn3vc6lm7p4by8bpj5yqtwbhmzei/7d89739ab1b785b67198a1472a561336.jpg,/catalog/detail/smesitel-dlya-dusha-kerama-marazzi-ole-vstroennyy-s-pereklyuchatelem-na-dva-potoka-matovyy-chernyy/,Производитель: Kerama MarazziСтрана: ИталияПокрытие (цвет): матовый, черныйМатериал корпуса: латуньНазначение смесителя: для душаСпособ установки: подвесной, скрытого монтажа,Другое
Смеситель для душа Kerama Marazzi OLE встроенный с переключателем на два потока, хром глянец, 69470E,16 660,/upload/iblock/d04/34ytk63uzh1j9quu3lav08ep7rxyis9x/7c528ac21b4795fb3552327d1c89e3bb.jpg,/catalog/detail/smesitel-dlya-dusha-kerama-marazzi-ole-vstroennyy-s-pereklyuchatelem-na-dva-potoka-khrom-glyanets/,Производитель: Kerama MarazziСтрана: ИталияПокрытие (цвет): глянец, хромМатериал корпуса: латуньНазначение смесителя: для душаСпособ установки: подвесной, скрытого монтажа,Другое
Встраиваемый смеситель Kerama Marazzi FIORETTO для душа с дивертором на два потока, хром, V2CR6911KM,25 400,/upload/iblock/d04/2jtbsj2397v3twccckduyisas37g223w/V2CR6911KM.jpg,/catalog/detail/vstraivaemyy-smesitel-kerama-marazzi-fioretto-dlya-dusha-s-divertorom-na-dva-potoka-khrom/,Производитель: Kerama MarazziСтрана: ИталияПокрытие (цвет): хромМатериал корпуса: латуньНазначение смесителя: для душаСпособ установки: подвесной,Другое
Смеситель для ванны Kerama Marazzi MUSE настенный с переключателем, потертая бронза, 9135KM.31.023,43 975,/upload/iblock/b66/ie79yok6f8tkhfgv5pztk9qwscfgl555/xfqxmr7pyg6el96lzgrkpjvly4sy3rsf.jpg,/catalog/detail/smesitel-dlya-vanny-kerama-marazzi-muse-nastennyy-s-pereklyuchatelem-potertaya-bronza/,Производитель: Kerama MarazziСтрана: ИталияПокрытие (цвет): бронзаМатериал корпуса: латуньНазначение смесителя: для ванныСпособ установки: подвесной,Другое
Смеситель для ванны Kerama Marazzi MUSE настенный с переключателем, хром глянец, 9135KM.21.018,34 315,/upload/iblock/1ed/ftuagp0x48kqs991emxqc16yayw7dqs1/gcalg6g2zetlyal4txxt4jw7t85iol6y.jpg,/catalog/detail/smesitel-dlya-vanny-kerama-marazzi-muse-nastennyy-s-pereklyuchatelem-khrom-glyanets/,Производитель: Kerama MarazziСтрана: ИталияПокрытие (цвет): глянец, хромМатериал корпуса: латуньНазначение смесителя: для ванныСпособ установки: подвесной,Другое
Смеситель для ванны Kerama Marazzi OLE настенный, золотой атласный, 69440CKM.M0.071,54 307,/upload/iblock/761/kbalrs1phbaj0jm5pwq9xhvyxcyiek9y/4a640314d50fefdec5d4eb1c67c53f75.jpg,/catalog/detail/smesitel-dlya-vanny-kerama-marazzi-ole-nastennyy-zolotoy-atlasnyy/,Производитель: Kerama MarazziСтрана: ИталияПокрытие (цвет): золотоМатериал корпуса: латуньНазначение смесителя: для ванныСпособ установки: подвесной,Другое
Смеситель для ванны Kerama Marazzi OLE настенный, титановый атласный, 69440CKM.M0.070,54 307,/upload/iblock/4ef/2jktvqvy0r4c0ofjnm5fm9wfysgneif9/77a622814b519a6daaa3061c62ab8a90.jpg,/catalog/detail/smesitel-dlya-vanny-kerama-marazzi-ole-nastennyy-titanovyy-atlasnyy/,Производитель: Kerama MarazziСтрана: ИталияПокрытие (цвет): титановый атласныйМатериал корпуса: латуньНазначение смесителя: для ванныСпособ установки: подвесной,Другое
Смеситель для ванны Kerama Marazzi SONATA, хром, P4CR111B4KM,13 000,/upload/iblock/23a/pf070wpxeu7ipnsk7hdtythodb0o8ewc/vvho4wqc6o2xmch7huetz9hhpj2zioq6.jpg,/catalog/detail/smesitel-dlya-vanny-kerama-marazzi-sonata-khrom/,Производитель: Kerama MarazziСтрана: КитайПокрытие (цвет): хромМатериал корпуса: латуньНазначение смесителя: для ванныСпособ установки: подвесной,Другое
Смеситель с гигиеническим душем Kerama Marazzi, хром, 27721KM.21.018,23 268,/upload/iblock/a06/0pgf26t5clxt2c0zcf7olgayhqh0n13e/540eafd66af9738d86396a60b55577c5.jpg,/catalog/detail/smesitel-s-gigienicheskim-dushem-kerama-marazzi-khrom/,Производитель: Kerama MarazziСтрана: ИталияПокрытие (цвет): хромМатериал корпуса: латуньНазначение смесителя: для бидеСпособ установки: подвесной,Другое
Смеситель для биде Kerama Marazzi MUSE с донным клапаном, потертая бронза, 9130KM.31.023,24 329,/upload/iblock/4f9/ujysx468vlbmhmx9nt51weqwbq84h11j/5f9d62c1f744df706d27b9de2e727f4c.jpg,/catalog/detail/smesitel-dlya-bide-kerama-marazzi-muse-s-donnym-klapanom-potertaya-bronza/,Производитель: Kerama MarazziСтрана: ИталияПокрытие (цвет): бронзаМатериал корпуса: латуньНазначение смесителя: для бидеСпособ установки: на изделие,Другое
Смеситель для биде Kerama Marazzi MUSE с донным клапаном, хром глянец, 9130KM.21.018,18 996,/upload/iblock/bcb/2ews5ehrzsz811wdj1wkknlz5tr191y7/22b2da088f54b29b4cf0cff40f9e9d4f.jpg,/catalog/detail/smesitel-dlya-bide-kerama-marazzi-muse-s-donnym-klapanom-khrom-glyanets/,Производитель: Kerama MarazziСтрана: ИталияПокрытие (цвет): глянец, хромМатериал корпуса: латуньНазначение смесителя: для бидеСпособ установки: на изделие,Другое
Смеситель для биде Kerama Marazzi FUTURA с донным клапаном, матовый черный, 66425KM.01.093,25 650,/upload/iblock/4e0/0ivts7e96xy4bp9ehgkvqru1dt72c04j/a16dbc666225b4640a402b38e675a60e.jpg,/catalog/detail/smesitel-dlya-bide-kerama-marazzi-futura-s-donnym-klapanom-matovyy-chernyy/,Производитель: Kerama MarazziСтрана: ИталияПокрытие (цвет): матовый, черныйМатериал корпуса: латуньНазначение смесителя: для бидеСпособ установки: на изделие,Другое
Смеситель для биде Kerama Marazzi OLE с донным клапаном, золотой атласный, 69425KM.M0.071,38 300,/upload/iblock/e23/r3owhtymwkzi02qzctxw95ui4oxsdr58/4cd624332e12ff1b4d184e2494ad9346.jpg,/catalog/detail/smesitel-dlya-bide-kerama-marazzi-ole-s-donnym-klapanom-zolotoy-atlasnyy/,Производитель: Kerama MarazziСтрана: ИталияПокрытие (цвет): золотоМатериал корпуса: латуньНазначение смесителя: для бидеСпособ установки: на изделие,Другое
Смеситель для биде Kerama Marazzi OLE с донным клапаном, титановый атласный, 69425KM.M0.070,34 683,/upload/iblock/e25/xqde3viq5nrcezirkhrdmni907nr96h0/edda167ea843346b23dad25ede1f9add.jpg,/catalog/detail/smesitel-dlya-bide-kerama-marazzi-ole-s-donnym-klapanom-titanovyy-atlasnyy/,Производитель: Kerama MarazziСтрана: ИталияПокрытие (цвет): титановый атласныйМатериал корпуса: латуньНазначение смесителя: для бидеСпособ установки: на изделие,Другое
Смеситель для биде Kerama Marazzi OLE с донным клапаном, матовый черный, 69425KM.01.093,25 200,/upload/iblock/26f/0ofnik1g3p6njk25jotyncbwhdn3nlkz/d6d2c3fe5e7573703c212faadafed415.jpg,/catalog/detail/smesitel-dlya-bide-kerama-marazzi-ole-s-donnym-klapanom-matovyy-chernyy/,Производитель: Kerama MarazziСтрана: ИталияПокрытие (цвет): матовый, черныйМатериал корпуса: латуньНазначение смесителя: для бидеСпособ установки: на изделие,Другое
Смеситель для биде Kerama Marazzi PIANO с донным клапаном, хром глянец, 69325KM.21.018,13 700,/upload/iblock/f03/g6qeysf4p9lcbupudlg6hon46phjavrx/iyqgr862ez3e4s0vb5fnitqa4ucrptf2.jpg,/catalog/detail/smesitel-dlya-bide-kerama-marazzi-piano-s-donnym-klapanom-khrom-glyanets/,Производитель: Kerama MarazziСтрана: ИталияПокрытие (цвет): глянец, хромМатериал корпуса: латуньНазначение смесителя: для бидеСпособ установки: на изделие,Другое
Смеситель для раковины Kerama Marazzi MUSE вентильный с донным клапаном, потертая бронза, 9125KM.31.,25 264,/upload/iblock/d1c/mrsgqawx4hm2yhswztrfa84sbcro1xbw/d434ab9b6cd78e507fbcf44a741c5c68.jpg,/catalog/detail/smesitel-dlya-rakoviny-kerama-marazzi-muse-ventilnyy-s-donnym-klapanom-potertaya-bronza/,Производитель: Kerama MarazziСтрана: ИталияПокрытие (цвет): бронзаМатериал корпуса: латуньНазначение смесителя: для раковиныСпособ установки: на изделие,Другое
Смеситель для раковины Kerama Marazzi MUSE вентильный с донным клапаном, хром глянец, 9125KM.21.018,19 783,/upload/iblock/f04/3fxcnlsdc1gkfe0z3eplz3yh0r9fn86i/f2e001d955a0fbf8aef1ccf83ca18857.jpg,/catalog/detail/smesitel-dlya-rakoviny-kerama-marazzi-muse-ventilnyy-s-donnym-klapanom-khrom-glyanets/,Производитель: Kerama MarazziСтрана: ИталияПокрытие (цвет): глянец, хромМатериал корпуса: латуньНазначение смесителя: для раковиныСпособ установки: на изделие,Другое
Смеситель для раковины Kerama Marazzi OLE высокий, золотой атласный, 69415KM.M0.071,44 000,/upload/iblock/75d/mo87x0eletbi4efk2a9wvxyxi71tz84k/4330f66545843711cc46f34150c061af.jpg,/catalog/detail/smesitel-dlya-rakoviny-kerama-marazzi-ole-vysokiy-zolotoy-atlasnyy/,Производитель: Kerama MarazziСтрана: ИталияПокрытие (цвет): золотоМатериал корпуса: латуньНазначение смесителя: для раковиныСпособ установки: на изделие,Другое
Смеситель для раковины Kerama Marazzi OLE высокий, титановый атласный, 69415KM.M0.070,33 590,/upload/iblock/13d/rj3dt0c9emwf471ao4shuerjgzqfvuft/94470b201f965c0d3975954818d0e4bd.jpg,/catalog/detail/smesitel-dlya-rakoviny-kerama-marazzi-ole-vysokiy-titanovyy-atlasnyy/,Производитель: Kerama MarazziСтрана: ИталияПокрытие (цвет): титановый атласныйМатериал корпуса: латуньНазначение смесителя: для раковиныСпособ установки: на изделие,Другое
Смеситель для раковины Kerama Marazzi OLE, матовый черный, 69415KM.01.093,32 400,/upload/iblock/835/yuqm1q2svy2eyoto66z98hcihmvah8m8/b13d4b28fae129df9a82993e54b13f0c.jpg,/catalog/detail/smesitel-dlya-rakoviny-kerama-marazzi-ole-matovyy-chernyy/,Производитель: Kerama MarazziСтрана: ИталияПокрытие (цвет): золотоМатериал корпуса: латуньНазначение смесителя: для раковиныСпособ установки: на изделие,Другое
Смеситель для раковины Kerama Marazzi OLE 3/8, золотой атласный, 69412KM.M0.071,30 400,/upload/iblock/88e/xknyv0yzdwpldrm7jlw3hom1xydq5yny/b4edb61654f9e356da3fc3da6c372a77.jpg,/catalog/detail/smesitel-dlya-rakoviny-kerama-marazzi-ole-3-8-zolotoy-atlasnyy/,Производитель: Kerama MarazziСтрана: ИталияПокрытие (цвет): золотоМатериал корпуса: латуньНазначение смесителя: для раковиныСпособ установки: на изделие,Другое
Смеситель для раковины Kerama Marazzi OLE 3/8, титановый атласный, 69412KM.M0.070,23 175,/upload/iblock/4c5/0veea85hwh0e8c32243uw7e0hapkwf7s/41e6a55d0cbb21db6cb6b8242a3ae853.jpg,/catalog/detail/smesitel-dlya-rakoviny-kerama-marazzi-ole-3-8-titanovyy-atlasnyy/,Производитель: Kerama MarazziСтрана: ИталияПокрытие (цвет): титановый атласныйМатериал корпуса: латуньНазначение смесителя: для раковиныСпособ установки: на изделие,Другое
Смеситель для раковины Kerama Marazzi OLE 3/8, матовый черный, 69412KM.01.093,21 100,/upload/iblock/019/z3jhh1j52mj7aps5fcgfxwbzyfu383b0/913ce60d94eb26eb099293b3d1b6dbb7.jpg,/catalog/detail/smesitel-dlya-rakoviny-kerama-marazzi-ole-3-8-matovyy-chernyy/,Производитель: Kerama MarazziСтрана: ИталияПокрытие (цвет): матовый, черныйМатериал корпуса: латуньНазначение смесителя: для раковиныСпособ установки: на изделие,Другое
Смеситель для раковины Kerama Marazzi SONATA без донного клапана, хром, P4CR205ZNKM,8 700,/upload/iblock/178/ru13bcj2nm54yexpler7wokgjole5kmm/ayqsj7ljy7x3o9sj8j0gfq0dzp32qvm3.jpg,/catalog/detail/smesitel-dlya-rakoviny-kerama-marazzi-sonata-bez-donnogo-klapana-khrom/,Производитель: Kerama MarazziСтрана: КитайПокрытие (цвет): золотоМатериал корпуса: латуньНазначение смесителя: для раковиныСпособ установки: на изделие,Другое